Year,Avg
2000,25.57329193
2001,25.31801242
2002,25.04906832
2003,24.72608696
2004,24.37080745
2005,24.00745342
2006,23.59875776
2007,23.1068323
2008,22.52732919
2009,21.90993789
2010,21.26521739
2011,20.61801242
2012,20.03913043
2013,19.53913043
2014,19.08757764
2015,18.67018634
2016,18.23975155
2017,17.77515528
2018,17.30496894
2019,16.87329193
2020,16.52608696
2021,16.31428571
2022,16.26459627
2023,16.22732919
2024,16.23478261
